id,title,description,availability,condition,price,link,image_link,brand,product_type,size,gender,age_group,custom_label_0,custom_label_1
perfume-armaf-club-de-nuit-intense-man,Armaf Club de Nuit Intense Man (105 ml · EDT),O fenômeno árabe: abacaxi esfumado sobre bétula e madeiras. Projeção e fixação enormes — presença que rende elogios o dia inteiro.,in stock,new,279.00 BRL,https://kdol380.github.io/duna-site/catalogo.html?produto=armaf-club-de-nuit-intense-man,https://kdol380.github.io/duna-site/assets/p-club-intense-new.jpg,Armaf,Perfumes > Frasco,105 ml · EDT,male,adult,perfume,disponivel
perfume-armaf-club-de-nuit-maleka,Armaf Club de Nuit Maleka (100 ml · EDP),"Floral-frutado luminoso e moderno: lichia e pimenta rosa sobre íris e praliné. Feminino elegante, do dia à noite.",in stock,new,339.00 BRL,https://kdol380.github.io/duna-site/catalogo.html?produto=armaf-club-de-nuit-maleka,https://kdol380.github.io/duna-site/assets/p-club-maleka.jpg,Armaf,Perfumes > Frasco,100 ml · EDP,female,adult,perfume,disponivel
perfume-armaf-club-de-nuit-urban-man-elixir,Armaf Club de Nuit Urban Man Elixir (105 ml · EDP),"Aromático masculino de presença forte, com cítricos e pimenta rosa sobre lavanda, açafrão, ambroxan e madeiras. Versátil, moderno e marcante.",in stock,new,389.00 BRL,https://kdol380.github.io/duna-site/catalogo.html?produto=armaf-club-de-nuit-urban-man-elixir,https://kdol380.github.io/duna-site/assets/p-club-urban-elixir.jpg,Armaf,Perfumes > Frasco,105 ml · EDP,male,adult,perfume,disponivel
perfume-armaf-club-de-nuit-sillage,Armaf Club de Nuit Sillage (105 ml · EDP),"Fresco e gelado, combina uma abertura cítrica vibrante com flores elegantes e um fundo limpo de ambroxan, almíscar e madeiras. Masculino segundo a votação da comunidade.",in stock,new,339.00 BRL,https://kdol380.github.io/duna-site/catalogo.html?produto=armaf-club-de-nuit-sillage,https://kdol380.github.io/duna-site/assets/p-club-sillage.jpg,Armaf,Perfumes > Frasco,105 ml · EDP,male,adult,perfume,disponivel
perfume-armaf-club-de-nuit-sillage-body-spray,Armaf Club de Nuit Sillage Body Spray (125 ml · Body Spray),A fragrância fresca e elegante do Club de Nuit Sillage em uma versão corporal mais leve e prática. Ideal para reaplicar durante o dia e prolongar a sensação de frescor.,in stock,new,89.00 BRL,https://kdol380.github.io/duna-site/catalogo.html?produto=armaf-club-de-nuit-sillage-body-spray,https://kdol380.github.io/duna-site/assets/p-club-sillage-body-spray.webp,Armaf,Perfumes > Body Spray,125 ml · Body Spray,male,adult,perfume,disponivel
perfume-armaf-club-de-nuit-untold,Armaf Club de Nuit Untold (105 ml · EDP),"Açafrão e jasmim formam uma aura doce e metálica sobre âmbar e madeiras. Intenso, envolvente e versátil para diferentes estilos.",in stock,new,369.00 BRL,https://kdol380.github.io/duna-site/catalogo.html?produto=armaf-club-de-nuit-untold,https://kdol380.github.io/duna-site/assets/p-club-untold.jpg,Armaf,Perfumes > Frasco,105 ml · EDP,unisex,adult,perfume,disponivel
perfume-armaf-club-de-nuit-white-imperiale,Armaf Club de Nuit White Imperiale (105 ml · EDP),"Rosa cremosa, lichia e baunilha formam uma fragrância feminina elegante e envolvente. O incenso e as madeiras dão profundidade e muita presença.",in stock,new,329.00 BRL,https://kdol380.github.io/duna-site/catalogo.html?produto=armaf-club-de-nuit-white-imperiale,https://kdol380.github.io/duna-site/assets/p-club-white-imperiale.jpg,Armaf,Perfumes > Frasco,105 ml · EDP,female,adult,perfume,disponivel
perfume-armaf-odyssey-mandarin-sky,Armaf Odyssey Mandarin Sky (100 ml · EDP),"Mandarina vibrante e especiarias encontram um coração cremoso de caramelo e fava tonka. Masculino doce, moderno e marcante para a noite.",in stock,new,259.00 BRL,https://kdol380.github.io/duna-site/catalogo.html?produto=armaf-odyssey-mandarin-sky,https://kdol380.github.io/duna-site/assets/p-odyssey-mandarin-sky.jpg,Armaf,Perfumes > Frasco,100 ml · EDP,male,adult,perfume,disponivel
perfume-bidaya-parfums-aisha-princess,Bidaya Parfums Aisha Princess (100 ml · EDP),"Floral gourmand feminino, com flores brancas, marshmallow e baunilha sobre um fundo de açúcar, caramelo e madeiras. Doce, delicado e envolvente.",in stock,new,309.00 BRL,https://kdol380.github.io/duna-site/catalogo.html?produto=bidaya-parfums-aisha-princess,https://kdol380.github.io/duna-site/assets/p-aisha-princess.jpg,Bidaya Parfums,Perfumes > Frasco,100 ml · EDP,female,adult,perfume,disponivel
perfume-bidaya-parfums-ayat,Bidaya Parfums Ayat (100 ml · EDP),"Hibisco e rosa ganham frescor com hortelã e cassis, enquanto baunilha, canela, âmbar e couro deixam a fragrância feminina mais quente e sofisticada.",in stock,new,309.00 BRL,https://kdol380.github.io/duna-site/catalogo.html?produto=bidaya-parfums-ayat,https://kdol380.github.io/duna-site/assets/p-bidaya-ayat.jpg,Bidaya Parfums,Perfumes > Frasco,100 ml · EDP,female,adult,perfume,disponivel
perfume-bidaya-parfums-blind-ecstasy,Bidaya Parfums Blind Ecstasy (100 ml · EDP),"Conhaque e frutas vermelhas abrem uma fragrância masculina intensa, cercada por especiarias, baunilha, âmbar e madeiras. Quente e ideal para ocasiões especiais.",in stock,new,449.00 BRL,https://kdol380.github.io/duna-site/catalogo.html?produto=bidaya-parfums-blind-ecstasy,https://kdol380.github.io/duna-site/assets/p-blind-ecstasy.jpg,Bidaya Parfums,Perfumes > Frasco,100 ml · EDP,male,adult,perfume,disponivel
perfume-bidaya-parfums-elliur,Bidaya Parfums Elliur (100 ml · EDP),"Cítricos, cassis e hortelã criam uma abertura fresca e vibrante, seguida por figo, damasco e ervas aromáticas. Masculino leve, diferente e ótimo para o dia.",in stock,new,309.00 BRL,https://kdol380.github.io/duna-site/catalogo.html?produto=bidaya-parfums-elliur,https://kdol380.github.io/duna-site/assets/p-bidaya-elliur.jpg,Bidaya Parfums,Perfumes > Frasco,100 ml · EDP,male,adult,perfume,disponivel
perfume-bidaya-parfums-habibi-king,Bidaya Parfums Habibi King (100 ml · EDP),"Especiarias quentes encontram baunilha Bourbon, praliné e amêndoa caramelizada. Um gourmand masculino intenso, cremoso e marcante para a noite.",in stock,new,319.00 BRL,https://kdol380.github.io/duna-site/catalogo.html?produto=bidaya-parfums-habibi-king,https://kdol380.github.io/duna-site/assets/p-habibi-king.jpg,Bidaya Parfums,Perfumes > Frasco,100 ml · EDP,male,adult,perfume,disponivel
perfume-bidaya-parfums-habibi-prince,Bidaya Parfums Habibi Prince (100 ml · EDP),"Fresco verde e aquático com hortelã, coco e figo, finalizado por especiarias e madeiras. Masculino moderno, confortável e versátil para os dias quentes.",in stock,new,309.00 BRL,https://kdol380.github.io/duna-site/catalogo.html?produto=bidaya-parfums-habibi-prince,https://kdol380.github.io/duna-site/assets/p-habibi-prince.jpg,Bidaya Parfums,Perfumes > Frasco,100 ml · EDP,male,adult,perfume,disponivel
perfume-bidaya-parfums-maktub-gold,Bidaya Parfums Maktub Gold (100 ml · EDP),"Cítricos luminosos e gengibre evoluem para pera, especiarias e uma base cremosa de baunilha e madeiras. Masculino elegante, versátil e marcante.",in stock,new,309.00 BRL,https://kdol380.github.io/duna-site/catalogo.html?produto=bidaya-parfums-maktub-gold,https://kdol380.github.io/duna-site/assets/p-maktub-gold.jpg,Bidaya Parfums,Perfumes > Frasco,100 ml · EDP,male,adult,perfume,disponivel
perfume-bidaya-parfums-maktub-la-vie,Bidaya Parfums Maktub La Vie (100 ml · EDP),"Manga e frutas tropicais ganham brilho cítrico, especiarias e um fundo de âmbar, almíscar e cedro. Masculino frutado, vibrante e de presença marcante.",in stock,new,309.00 BRL,https://kdol380.github.io/duna-site/catalogo.html?produto=bidaya-parfums-maktub-la-vie,https://kdol380.github.io/duna-site/assets/p-maktub-la-vie.jpg,Bidaya Parfums,Perfumes > Frasco,100 ml · EDP,male,adult,perfume,disponivel
perfume-bidaya-parfums-vanilla-p-rn,Bidaya Parfums Vanilla P*rn (100 ml · EDP),"Uma baunilha intensa e cremosa, acompanhada por coco, leite e um toque atalcado. O palo santo e o almíscar equilibram a doçura no fundo.",in stock,new,449.00 BRL,https://kdol380.github.io/duna-site/catalogo.html?produto=bidaya-parfums-vanilla-p-rn,https://kdol380.github.io/duna-site/assets/p-vanilla-prn.jpg,Bidaya Parfums,Perfumes > Frasco,100 ml · EDP,unisex,adult,perfume,disponivel
perfume-lattafa-khamrah,Lattafa Khamrah (100 ml · EDP),"Canela e tâmaras se misturam a praliné, baunilha e resinas quentes. Um gourmand masculino intenso, adocicado e envolvente para noites e ocasiões especiais.",in stock,new,234.00 BRL,https://kdol380.github.io/duna-site/catalogo.html?produto=lattafa-khamrah,https://kdol380.github.io/duna-site/assets/p-khamrah.jpg,Lattafa,Perfumes > Frasco,100 ml · EDP,male,adult,perfume,disponivel
perfume-lattafa-khamrah-qahwa,Lattafa Khamrah Qahwa (100 ml · EDP),"Café, baunilha e praliné aparecem cercados por canela, cardamomo e gengibre. Masculino quente, doce e marcante, perfeito para a noite.",in stock,new,224.00 BRL,https://kdol380.github.io/duna-site/catalogo.html?produto=lattafa-khamrah-qahwa,https://kdol380.github.io/duna-site/assets/p-khamrah-qahwa-new.jpg,Lattafa,Perfumes > Frasco,100 ml · EDP,male,adult,perfume,disponivel
perfume-lattafa-queen-of-arabia,Lattafa Queen of Arabia (100 ml · EDP),"Coco com um toque salgado encontra heliotrópio, sândalo e baunilha. Feminino cremoso, sofisticado e envolvente, com apresentação luxuosa.",in stock,new,649.00 BRL,https://kdol380.github.io/duna-site/catalogo.html?produto=lattafa-queen-of-arabia,https://kdol380.github.io/duna-site/assets/p-queen-of-arabia.jpg,Lattafa,Perfumes > Frasco,100 ml · EDP,female,adult,perfume,disponivel
perfume-lattafa-haya,Lattafa Haya (100 ml · EDP),"Champanhe, morango e cítricos abrem um floral feminino alegre e luminoso. Gardênia, jasmim e baunilha deixam o perfume cremoso e elegante.",in stock,new,239.00 BRL,https://kdol380.github.io/duna-site/catalogo.html?produto=lattafa-haya,https://kdol380.github.io/duna-site/assets/p-haya.jpg,Lattafa,Perfumes > Frasco,100 ml · EDP,female,adult,perfume,disponivel
perfume-lattafa-pride-art-of-arabia-i,Lattafa Pride Art of Arabia I (100 ml · EDP),"Bergamota e hortelã encontram chá preto, gengibre e lavanda sobre ambroxan e incenso. Masculino elegante, aromático e versátil.",in stock,new,299.00 BRL,https://kdol380.github.io/duna-site/catalogo.html?produto=lattafa-pride-art-of-arabia-i,https://kdol380.github.io/duna-site/assets/p-art-of-arabia-i.webp,Lattafa Pride,Perfumes > Frasco,100 ml · EDP,male,adult,perfume,disponivel
perfume-lattafa-maahir-legacy,Lattafa Maahir Legacy (100 ml · EDP),"Cítricos, hortelã e abacaxi criam um frescor aromático sobre especiarias, ambroxan e vetiver. Masculino limpo e ótimo para o dia a dia.",in stock,new,269.00 BRL,https://kdol380.github.io/duna-site/catalogo.html?produto=lattafa-maahir-legacy,https://kdol380.github.io/duna-site/assets/p-maahir-legacy.jpg,Lattafa,Perfumes > Frasco,100 ml · EDP,male,adult,perfume,disponivel
perfume-lattafa-afeef,Lattafa Afeef (100 ml · EDP),"Pêssego e pimenta rosa iluminam um buquê de tuberosa, flor de laranjeira e jasmim. Praliné, âmbar e sândalo deixam o feminino cremoso e sofisticado.",in stock,new,579.00 BRL,https://kdol380.github.io/duna-site/catalogo.html?produto=lattafa-afeef,https://kdol380.github.io/duna-site/assets/p-afeef.jpg,Lattafa,Perfumes > Frasco,100 ml · EDP,female,adult,perfume,disponivel
perfume-lattafa-qaed-al-fursan,Lattafa Qaed Al Fursan (90 ml · EDP),"Abacaxi suculento e açafrão encontram uma base escura de cedro, âmbar e oud. Masculino marcante, versátil e de excelente custo-benefício.",in stock,new,179.00 BRL,https://kdol380.github.io/duna-site/catalogo.html?produto=lattafa-qaed-al-fursan,https://kdol380.github.io/duna-site/assets/p-qaed-al-fursan.webp,Lattafa,Perfumes > Frasco,90 ml · EDP,male,adult,perfume,disponivel
perfume-lattafa-shaheen-gold,Lattafa Shaheen Gold (100 ml · EDP),"Abacaxi e toranja abrem uma fragrância masculina frutada, com figo, lavanda, baunilha e tonka. Doce, moderna e fácil de usar.",in stock,new,239.00 BRL,https://kdol380.github.io/duna-site/catalogo.html?produto=lattafa-shaheen-gold,https://kdol380.github.io/duna-site/assets/p-shaheen-gold.jpg,Lattafa,Perfumes > Frasco,100 ml · EDP,male,adult,perfume,disponivel
perfume-lattafa-emeer,Lattafa Emeer (100 ml · EDP),"Cítricos e ervas aromáticas encontram chá branco, cardamomo e madeiras elegantes. Masculino sofisticado, versátil e de presença marcante.",in stock,new,309.00 BRL,https://kdol380.github.io/duna-site/catalogo.html?produto=lattafa-emeer,https://kdol380.github.io/duna-site/assets/p-emeer.jpg,Lattafa,Perfumes > Frasco,100 ml · EDP,male,adult,perfume,disponivel
perfume-lattafa-victoria,Lattafa Victoria (100 ml · EDP),"Um gourmand feminino luminoso que lembra torta de limão com merengue, suavizada por néroli e baunilha. Cremoso, alegre e fácil de usar.",in stock,new,239.00 BRL,https://kdol380.github.io/duna-site/catalogo.html?produto=lattafa-victoria,https://kdol380.github.io/duna-site/assets/p-victoria.jpg,Lattafa,Perfumes > Frasco,100 ml · EDP,female,adult,perfume,disponivel
perfume-lattafa-opulent-dubai,Lattafa Opulent Dubai (100 ml · EDP),"Manga e cítricos ganham energia com gengibre, flores e uma base amadeirada de âmbar, musgo e benjoim. Masculino vibrante e marcante.",in stock,new,179.00 BRL,https://kdol380.github.io/duna-site/catalogo.html?produto=lattafa-opulent-dubai,https://kdol380.github.io/duna-site/assets/p-opulent-dubai.jpg,Lattafa,Perfumes > Frasco,100 ml · EDP,male,adult,perfume,disponivel
perfume-lattafa-musamam-white-intense,Lattafa Musamam White Intense (100 ml · EDP),"Coco cremoso, ylang-ylang e especiarias repousam sobre sândalo, almíscar e benjoim. Feminino intenso, elegante e envolvente.",in stock,new,399.00 BRL,https://kdol380.github.io/duna-site/catalogo.html?produto=lattafa-musamam-white-intense,https://kdol380.github.io/duna-site/assets/p-musamam-white-intense.jpg,Lattafa,Perfumes > Frasco,100 ml · EDP,female,adult,perfume,disponivel
perfume-maison-alhambra-athena,Maison Alhambra Athena (100 ml · EDP),"Cítricos e pimenta rosa iluminam um buquê de jasmim, ylang-ylang e lírio-do-vale. Feminino floral, cremoso e elegante para o dia.",in stock,new,249.00 BRL,https://kdol380.github.io/duna-site/catalogo.html?produto=maison-alhambra-athena,https://kdol380.github.io/duna-site/assets/p-athena.jpg,Maison Alhambra,Perfumes > Frasco,100 ml · EDP,female,adult,perfume,disponivel
perfume-maison-alhambra-jorge-di-profumo,Maison Alhambra Jorge di Profumo (100 ml · EDP),"Cítricos e pimenta-preta abrem um aromático masculino elegante, com lavanda, tabaco, vetiver e madeiras. Versátil e marcante sem perder o frescor.",in stock,new,199.00 BRL,https://kdol380.github.io/duna-site/catalogo.html?produto=maison-alhambra-jorge-di-profumo,https://kdol380.github.io/duna-site/assets/p-jorge-di-profumo.webp,Maison Alhambra,Perfumes > Frasco,100 ml · EDP,male,adult,perfume,disponivel
perfume-maison-alhambra-la-vivacite,Maison Alhambra La Vivacité (100 ml · EDP),"Pera e cassis encontram íris, flores brancas, praliné e baunilha. Feminino doce, elegante e envolvente para ocasiões especiais.",in stock,new,239.00 BRL,https://kdol380.github.io/duna-site/catalogo.html?produto=maison-alhambra-la-vivacite,https://kdol380.github.io/duna-site/assets/p-la-vivacite.jpg,Maison Alhambra,Perfumes > Frasco,100 ml · EDP,female,adult,perfume,disponivel
perfume-maison-alhambra-la-vita-bella-intensa,Maison Alhambra La Vita Bella Intensa (100 ml · EDP),"Pera e cassis dão brilho à íris e às flores brancas, sobre uma base cremosa de praliné, baunilha e tonka. Feminino doce e intenso.",in stock,new,199.00 BRL,https://kdol380.github.io/duna-site/catalogo.html?produto=maison-alhambra-la-vita-bella-intensa,https://kdol380.github.io/duna-site/assets/p-la-vita-bella-intensa.jpg,Maison Alhambra,Perfumes > Frasco,100 ml · EDP,female,adult,perfume,disponivel
perfume-maison-alhambra-l-intrude,Maison Alhambra L'Intrude (100 ml · EDP),"Pera e bergamota iluminam um buquê intenso de tuberosa, flor de laranjeira e jasmim. Feminino marcante, cremoso e sofisticado.",in stock,new,189.00 BRL,https://kdol380.github.io/duna-site/catalogo.html?produto=maison-alhambra-l-intrude,https://kdol380.github.io/duna-site/assets/p-lintrude.jpg,Maison Alhambra,Perfumes > Frasco,100 ml · EDP,female,adult,perfume,disponivel
perfume-maison-alhambra-no-2-men,Maison Alhambra No. 2 Men (80 ml · EDP),"Lavanda e bergamota ganham calor com gengibre e cardamomo, enquanto incenso, vetiver e madeiras criam uma base masculina elegante.",in stock,new,219.00 BRL,https://kdol380.github.io/duna-site/catalogo.html?produto=maison-alhambra-no-2-men,https://kdol380.github.io/duna-site/assets/p-no-2-men.jpg,Maison Alhambra,Perfumes > Frasco,80 ml · EDP,male,adult,perfume,disponivel
perfume-maison-alhambra-so-candid,Maison Alhambra So Candid (100 ml · EDP),"Flor de laranjeira, tuberosa e jasmim formam um floral branco feminino, suavizado por uma base leitosa e cremosa. Elegante e envolvente.",in stock,new,199.00 BRL,https://kdol380.github.io/duna-site/catalogo.html?produto=maison-alhambra-so-candid,https://kdol380.github.io/duna-site/assets/p-so-candid.jpg,Maison Alhambra,Perfumes > Frasco,100 ml · EDP,female,adult,perfume,disponivel
perfume-maison-alhambra-so-candid-pour-homme,Maison Alhambra So Candid Pour Homme (100 ml · EDP),"Mandarina e sálvia encontram um coração doce de caramelo e tonka, equilibrado pelo vetiver. Masculino moderno, quente e marcante.",in stock,new,309.00 BRL,https://kdol380.github.io/duna-site/catalogo.html?produto=maison-alhambra-so-candid-pour-homme,https://kdol380.github.io/duna-site/assets/p-so-candid-pour-homme.jpg,Maison Alhambra,Perfumes > Frasco,100 ml · EDP,male,adult,perfume,disponivel
perfume-maison-alhambra-your-touch-for-women,Maison Alhambra Your Touch For Women (100 ml · EDP),"Framboesa e cítricos trazem brilho à rosa, enquanto baunilha, âmbar amadeirado e almíscar dão cremosidade. Feminino doce e versátil.",in stock,new,189.00 BRL,https://kdol380.github.io/duna-site/catalogo.html?produto=maison-alhambra-your-touch-for-women,https://kdol380.github.io/duna-site/assets/p-your-touch-for-women.jpg,Maison Alhambra,Perfumes > Frasco,100 ml · EDP,female,adult,perfume,disponivel
perfume-maison-alhambra-your-touch,Maison Alhambra Your Touch (100 ml · EDP),"Especiarias frescas evoluem para canela, frutas e uma base cremosa de castanha, baunilha e madeiras. Masculino quente e envolvente.",in stock,new,209.00 BRL,https://kdol380.github.io/duna-site/catalogo.html?produto=maison-alhambra-your-touch,https://kdol380.github.io/duna-site/assets/p-your-touch.jpg,Maison Alhambra,Perfumes > Frasco,100 ml · EDP,male,adult,perfume,disponivel
perfume-rayhaan-tropical-vibe,Rayhaan Tropical Vibe (100 ml · EDP),"Manga, abacaxi e rum encontram coco, flores brancas e um frescor marinho. Tropical, cremoso e versátil para diferentes estilos.",in stock,new,369.00 BRL,https://kdol380.github.io/duna-site/catalogo.html?produto=rayhaan-tropical-vibe,https://kdol380.github.io/duna-site/assets/p-tropical-vibe.jpg,Rayhaan,Perfumes > Frasco,100 ml · EDP,unisex,adult,perfume,disponivel
perfume-rasasi-hawas-for-her,Rasasi Hawas for Her (100 ml · EDP),"Romã, maçã e toranja abrem um floral feminino luminoso, com íris, jasmim e um fundo de praliné, patchouli e vetiver.",in stock,new,229.00 BRL,https://kdol380.github.io/duna-site/catalogo.html?produto=rasasi-hawas-for-her,https://kdol380.github.io/duna-site/assets/p-hawas-for-her.jpg,Rasasi,Perfumes > Frasco,100 ml · EDP,female,adult,perfume,disponivel
perfume-armaf-odyssey-homme-white-edition,Armaf Odyssey Homme White Edition (100 ml · EDP),Fresco e doce na medida: especiarias suaves sobre baunilha e madeiras âmbar. Aromático moderno que veste bem em qualquer estação.,in stock,new,270.00 BRL,https://kdol380.github.io/duna-site/catalogo.html?produto=armaf-odyssey-homme-white-edition,https://kdol380.github.io/duna-site/assets/p-odyssey-white.jpg,Armaf,Perfumes > Frasco,100 ml · EDP,male,adult,perfume,disponivel
perfume-afnan-turathi-blue,Afnan Turathi Blue (90 ml · EDP),"Azul, frio e arejado: cítricos e gengibre com fundo amadeirado e almíscar. Coringa fresco para o dia a dia e o calor.",out of stock,new,285.00 BRL,https://kdol380.github.io/duna-site/catalogo.html?produto=afnan-turathi-blue,https://kdol380.github.io/duna-site/assets/p-turathi-blue.jpg,Afnan,Perfumes > Frasco,90 ml · EDP,male,adult,perfume,esgotado
perfume-afnan-turathi-electric,Afnan Turathi Electric (90 ml · EDP),"Fresco com brilho doce: pera e toranja sobre flor de laranjeira. Jovem, sofisticado e fácil de usar.",in stock,new,295.00 BRL,https://kdol380.github.io/duna-site/catalogo.html?produto=afnan-turathi-electric,https://kdol380.github.io/duna-site/assets/p-turathi-electric.jpg,Afnan,Perfumes > Frasco,90 ml · EDP,male,adult,perfume,disponivel
perfume-french-avenue-vulcan-feu,French Avenue Vulcan Feu (100 ml · EDP),"Frutado intenso e cremoso: manga e ruibarbo sobre praliné e fava tonka. Doce, marcante e viciante — extrait de alta projeção.",in stock,new,375.00 BRL,https://kdol380.github.io/duna-site/catalogo.html?produto=french-avenue-vulcan-feu,https://kdol380.github.io/duna-site/assets/p-vulcan-feu.jpg,French Avenue,Perfumes > Frasco,100 ml · EDP,male,adult,perfume,disponivel
perfume-french-avenue-thunder,French Avenue Thunder (100 ml · EDP),"Íris aveludada e levemente empoeirada sobre baunilha e madeiras. Elegante, cremoso e sofisticado — ótima presença.",in stock,new,365.00 BRL,https://kdol380.github.io/duna-site/catalogo.html?produto=french-avenue-thunder,https://kdol380.github.io/duna-site/assets/p-thunder.jpg,French Avenue,Perfumes > Frasco,100 ml · EDP,male,adult,perfume,disponivel
perfume-lattafa-fakhar-rose,Lattafa Fakhar (Rose) (100 ml · EDP),"Tuberosa cremosa com toque salino sobre âmbar e madeiras. Feminino moderno, macio e sofisticado.",in stock,new,265.00 BRL,https://kdol380.github.io/duna-site/catalogo.html?produto=lattafa-fakhar-rose,https://kdol380.github.io/duna-site/assets/p-fakhar-gold-new.webp,Lattafa,Perfumes > Frasco,100 ml · EDP,female,adult,perfume,disponivel
perfume-lattafa-fakhar-black,Lattafa Fakhar (Black) (100 ml · EDP),"Maçã e ervas aromáticas sobre madeiras âmbar — fresco-amadeirado, moderno e elegante. Coringa masculino de ótimo custo.",in stock,new,220.00 BRL,https://kdol380.github.io/duna-site/catalogo.html?produto=lattafa-fakhar-black,https://kdol380.github.io/duna-site/assets/p-fakhar-black-new.webp,Lattafa,Perfumes > Frasco,100 ml · EDP,male,adult,perfume,disponivel
perfume-lattafa-nebras-pride,Lattafa Nebras Pride (100 ml · EDP),"Baunilha cremosa com cacau e frutas vermelhas. Gourmand doce e aconchegante, com fixação longa.",out of stock,new,265.00 BRL,https://kdol380.github.io/duna-site/catalogo.html?produto=lattafa-nebras-pride,https://kdol380.github.io/duna-site/assets/p-nebras.jpg,Lattafa,Perfumes > Frasco,100 ml · EDP,female,adult,perfume,esgotado
perfume-lattafa-zimaya-tiramisu-caramel,Lattafa Zimaya Tiramisu Caramel (100 ml · EDP),"Sobremesa vestível: caramelo e mel com um toque de uísque sobre baunilha. Doce, cremoso e convidativo.",out of stock,new,265.00 BRL,https://kdol380.github.io/duna-site/catalogo.html?produto=lattafa-zimaya-tiramisu-caramel,https://kdol380.github.io/duna-site/assets/p-zimaya-tiramisu.jpg,Lattafa,Perfumes > Frasco,100 ml · EDP,female,adult,perfume,esgotado
perfume-maison-alhambra-delilah,Maison Alhambra Delilah (100 ml · EDP),Floral-frutado rosado e radiante: ruibarbo e lichia sobre rosa e baunilha. Feminino elogiadíssimo e versátil.,in stock,new,250.00 BRL,https://kdol380.github.io/duna-site/catalogo.html?produto=maison-alhambra-delilah,https://kdol380.github.io/duna-site/assets/p-delilah.jpg,Maison Alhambra,Perfumes > Frasco,100 ml · EDP,female,adult,perfume,disponivel
perfume-maison-alhambra-salvo,Maison Alhambra Salvo (100 ml · EDP),"Fresco, picante e potente: bergamota e ambroxan no estilo coringa. Agrada todo mundo, do dia ao trabalho.",in stock,new,200.00 BRL,https://kdol380.github.io/duna-site/catalogo.html?produto=maison-alhambra-salvo,https://kdol380.github.io/duna-site/assets/p-salvo.jpg,Maison Alhambra,Perfumes > Frasco,100 ml · EDP,male,adult,perfume,disponivel
perfume-maison-alhambra-alpine-homme-sport,Maison Alhambra Alpine Homme Sport (100 ml · EDP),Esportivo e revigorante: tangerina e hortelã sobre cedro e almíscar. Frescor leve para o calor e o uso de todo dia.,out of stock,new,225.00 BRL,https://kdol380.github.io/duna-site/catalogo.html?produto=maison-alhambra-alpine-homme-sport,https://kdol380.github.io/duna-site/assets/p-alpine-sport.jpg,Maison Alhambra,Perfumes > Frasco,100 ml · EDP,male,adult,perfume,esgotado
perfume-rayhaan-rayhaan-elixir,Rayhaan Rayhaan Elixir (100 ml · EDP),"Lavanda e baunilha cremosa com mel de benjoim — doce, aromático e potente. Assinatura marcante para a noite.",in stock,new,290.00 BRL,https://kdol380.github.io/duna-site/catalogo.html?produto=rayhaan-rayhaan-elixir,https://kdol380.github.io/duna-site/assets/p-rayhaan-elixir.jpg,Rayhaan,Perfumes > Frasco,100 ml · EDP,male,adult,perfume,disponivel
perfume-rasasi-hawas-black,Rasasi Hawas Black (100 ml · EDP),"Cítricos e abacaxi sobre uma base escura de musgo, âmbar e madeiras. Masculino elegante, intenso e de longa presença.",in stock,new,300.00 BRL,https://kdol380.github.io/duna-site/catalogo.html?produto=rasasi-hawas-black,https://kdol380.github.io/duna-site/assets/p-hawas-black.jpg,Rasasi,Perfumes > Frasco,100 ml · EDP,male,adult,perfume,disponivel
perfume-rayhaan-pacific-aura,Rayhaan Pacific Aura (100 ml · EDP),"Refrescante e vibrante, combina cítricos, hortelã e cassis com um fundo moderno de figo e âmbar. Ideal para dias quentes.",in stock,new,350.00 BRL,https://kdol380.github.io/duna-site/catalogo.html?produto=rayhaan-pacific-aura,https://kdol380.github.io/duna-site/assets/p-pacific-aura.jpg,Rayhaan,Perfumes > Frasco,100 ml · EDP,male,adult,perfume,disponivel
perfume-maison-alhambra-chants-tenderina,Maison Alhambra Chants Tenderina (100 ml · EDP),"Floral limpo e feminino, com pêssego, rosa e almíscar branco. Leve, confortável e perfeito para o uso diário.",out of stock,new,200.00 BRL,https://kdol380.github.io/duna-site/catalogo.html?produto=maison-alhambra-chants-tenderina,https://kdol380.github.io/duna-site/assets/p-chants-tenderina.webp,Maison Alhambra,Perfumes > Frasco,100 ml · EDP,female,adult,perfume,esgotado
perfume-rasasi-hawas-malibu,Rasasi Hawas Malibu (100 ml · EDP),"Frutas tropicais luminosas encontram íris, âmbar e tonka. Cremoso, envolvente e com clima de noite de verão.",in stock,new,340.00 BRL,https://kdol380.github.io/duna-site/catalogo.html?produto=rasasi-hawas-malibu,https://kdol380.github.io/duna-site/assets/p-hawas-malibu.webp,Rasasi,Perfumes > Frasco,100 ml · EDP,male,adult,perfume,disponivel
perfume-rayhaan-nocturno,Rayhaan Nocturno (100 ml · EDP),"Bergamota, hortelã e especiarias sobre lavanda e madeiras secas. Limpo, moderno e fácil de usar do trabalho à noite.",in stock,new,330.00 BRL,https://kdol380.github.io/duna-site/catalogo.html?produto=rayhaan-nocturno,https://kdol380.github.io/duna-site/assets/p-nocturno.jpg,Rayhaan,Perfumes > Frasco,100 ml · EDP,male,adult,perfume,disponivel
perfume-al-wataniah-attar-al-wesal,Al Wataniah Attar Al Wesal (100 ml · EDP),"Aromático adocicado com pera, lavanda e canela sobre baunilha escura. Envolvente, versátil e de excelente custo-benefício.",in stock,new,209.00 BRL,https://kdol380.github.io/duna-site/catalogo.html?produto=al-wataniah-attar-al-wesal,https://kdol380.github.io/duna-site/assets/p-attar-al-wesal.jpg,Al Wataniah,Perfumes > Frasco,100 ml · EDP,male,adult,perfume,disponivel
perfume-maison-alhambra-pacific-blue,Maison Alhambra Pacific Blue (100 ml · EDP),"Uma brisa mediterrânea de cítricos, néroli e flores brancas. Fresco, luminoso e confortável para o calor.",in stock,new,170.00 BRL,https://kdol380.github.io/duna-site/catalogo.html?produto=maison-alhambra-pacific-blue,https://kdol380.github.io/duna-site/assets/p-pacific-blue.jpg,Maison Alhambra,Perfumes > Frasco,100 ml · EDP,male,adult,perfume,disponivel
perfume-lattafa-maahir-honor,Lattafa Maahir Honor (100 ml · EDP),"Cítricos, hortelã e ervas aromáticas com acabamento limpo de almíscar, cedro e âmbar. Refinado e muito fresco.",in stock,new,319.00 BRL,https://kdol380.github.io/duna-site/catalogo.html?produto=lattafa-maahir-honor,https://kdol380.github.io/duna-site/assets/p-maahir-honor.jpg,Lattafa,Perfumes > Frasco,100 ml · EDP,male,adult,perfume,disponivel
perfume-al-wataniah-sabah-al-ward,Al Wataniah Sabah Al Ward (100 ml · EDP),"Jasmim e flor de laranjeira ganham profundidade com cacau, baunilha e tonka. Feminino, doce e marcante.",in stock,new,199.00 BRL,https://kdol380.github.io/duna-site/catalogo.html?produto=al-wataniah-sabah-al-ward,https://kdol380.github.io/duna-site/assets/p-sabah-al-ward.jpg,Al Wataniah,Perfumes > Frasco,100 ml · EDP,female,adult,perfume,disponivel
perfume-al-wataniah-ameerati,Al Wataniah Ameerati (100 ml · EDP),"Almíscar, notas verdes e cítricos abrem a fragrância, que evolui para nuances herbais e amadeiradas sobre um fundo atalcado e especiado. Feminino fresco e elegante para o dia a dia.",in stock,new,199.00 BRL,https://kdol380.github.io/duna-site/catalogo.html?produto=al-wataniah-ameerati,https://kdol380.github.io/duna-site/assets/p-ameerati.jpg,Al Wataniah,Perfumes > Frasco,100 ml · EDP,female,adult,perfume,disponivel
perfume-al-wataniah-sabah-al-ward-garden-of-eden,Al Wataniah Sabah Al Ward Garden of Eden (100 ml · EDP),"Um floral aquático feminino e luminoso: lótus azul, cítricos e notas de água encontram flores brancas, baunilha, sândalo e almíscar.",in stock,new,289.00 BRL,https://kdol380.github.io/duna-site/catalogo.html?produto=al-wataniah-sabah-al-ward-garden-of-eden,https://kdol380.github.io/duna-site/assets/p-sabah-garden-of-eden.jpg,Al Wataniah,Perfumes > Frasco,100 ml · EDP,female,adult,perfume,disponivel
perfume-al-wataniah-sabah-al-ward-valentine,Al Wataniah Sabah Al Ward Valentine (100 ml · EDP),"Gourmand feminino de cereja cremosa e baunilha, com café, flores brancas e um fundo quente de âmbar, almíscar e patchouli.",in stock,new,269.00 BRL,https://kdol380.github.io/duna-site/catalogo.html?produto=al-wataniah-sabah-al-ward-valentine,https://kdol380.github.io/duna-site/assets/p-sabah-valentine.jpg,Al Wataniah,Perfumes > Frasco,100 ml · EDP,female,adult,perfume,disponivel
perfume-al-wataniah-sabah-al-ward-delilah,Al Wataniah Sabah Al Ward Delilah (100 ml · EDP),"Floral frutado gourmand feminino: frutas vermelhas e lichia abrem caminho para rosas e peônia, repousando sobre baunilha cremosa, marshmallow e almíscar.",in stock,new,279.00 BRL,https://kdol380.github.io/duna-site/catalogo.html?produto=al-wataniah-sabah-al-ward-delilah,https://kdol380.github.io/duna-site/assets/p-sabah-delilah.webp,Al Wataniah,Perfumes > Frasco,100 ml · EDP,female,adult,perfume,disponivel
perfume-rayhaan-obsidian,Rayhaan Obsidian (100 ml · EDP),"Íris elegante e atalcada sobre couro, oud e madeiras cremosas. Sofisticado para encontros e ocasiões especiais.",out of stock,new,360.00 BRL,https://kdol380.github.io/duna-site/catalogo.html?produto=rayhaan-obsidian,https://kdol380.github.io/duna-site/assets/p-rayhaan-obsidian.jpg,Rayhaan,Perfumes > Frasco,100 ml · EDP,male,adult,perfume,esgotado
perfume-rayhaan-aquatica,Rayhaan Aquatica (100 ml · EDP),"Lima vibrante e coco cremoso com cana-de-açúcar e rum. Tropical, diferente e feito para dias de sol.",in stock,new,380.00 BRL,https://kdol380.github.io/duna-site/catalogo.html?produto=rayhaan-aquatica,https://kdol380.github.io/duna-site/assets/p-rayhaan-aquatica.webp,Rayhaan,Perfumes > Frasco,100 ml · EDP,male,adult,perfume,disponivel
perfume-rayhaan-azul,Rayhaan Azul (100 ml · EDP),"Limão e bergamota em uma construção limpa, aquática e amadeirada. Refrescante, direto e perfeito para calor intenso.",in stock,new,360.00 BRL,https://kdol380.github.io/duna-site/catalogo.html?produto=rayhaan-azul,https://kdol380.github.io/duna-site/assets/p-rayhaan-azul.jpg,Rayhaan,Perfumes > Frasco,100 ml · EDP,male,adult,perfume,disponivel
perfume-maison-alhambra-delilah-blanc,Maison Alhambra Delilah Blanc (100 ml · EDP),"Floral branco limpo e cremoso, com cítricos suaves e fundo de baunilha, almíscar e sândalo. Elegante e confortável.",in stock,new,250.00 BRL,https://kdol380.github.io/duna-site/catalogo.html?produto=maison-alhambra-delilah-blanc,https://kdol380.github.io/duna-site/assets/p-delilah-blanc.webp,Maison Alhambra,Perfumes > Frasco,100 ml · EDP,female,adult,perfume,disponivel
perfume-al-wataniah-sabah-al-ward-sugar,Al Wataniah Sabah Al Ward Sugar (100 ml · EDP),"Um floral gourmand jovem e feminino, com um coquetel suculento de frutas vermelhas, flores delicadas e fundo cremoso de baunilha e almíscar.",in stock,new,179.00 BRL,https://kdol380.github.io/duna-site/catalogo.html?produto=al-wataniah-sabah-al-ward-sugar,https://kdol380.github.io/duna-site/assets/p-sabah-sugar.webp,Al Wataniah,Perfumes > Frasco,100 ml · EDP,female,adult,perfume,disponivel
perfume-lattafa-atheeri,Lattafa Atheeri (100 ml · EDP),"Floral etéreo e luminoso: flores úmidas pelo orvalho encontram orquídea, jasmim e uma base macia de baunilha e madeiras âmbar.",in stock,new,430.00 BRL,https://kdol380.github.io/duna-site/catalogo.html?produto=lattafa-atheeri,https://kdol380.github.io/duna-site/assets/p-atheeri.webp,Lattafa,Perfumes > Frasco,100 ml · EDP,female,adult,perfume,disponivel
perfume-lattafa-pride-tharwah-gold,Lattafa Pride Tharwah Gold (100 ml · EDP),"Doce floral sofisticado, com lavanda e bergamota sobre flores brancas e uma base quente de baunilha, âmbar e vetiver.",in stock,new,479.00 BRL,https://kdol380.github.io/duna-site/catalogo.html?produto=lattafa-pride-tharwah-gold,https://kdol380.github.io/duna-site/assets/p-tharwah-gold.jpg,Lattafa Pride,Perfumes > Frasco,100 ml · EDP,female,adult,perfume,disponivel
perfume-maison-alhambra-b-a-d-femme,Maison Alhambra B.A.D Femme (100 ml · EDP),"Gourmand floral intenso: café e amêndoa abrem caminho para flores brancas, praliné, cacau e baunilha. Sensual e marcante para a noite.",in stock,new,170.00 BRL,https://kdol380.github.io/duna-site/catalogo.html?produto=maison-alhambra-b-a-d-femme,https://kdol380.github.io/duna-site/assets/p-bad-femme.webp,Maison Alhambra,Perfumes > Frasco,100 ml · EDP,female,adult,perfume,disponivel
perfume-maison-alhambra-pink-eclipse,Maison Alhambra Pink Eclipse (100 ml · EDP),"Feminino moderno e luminoso, com frutas cítricas, flores brancas e um fundo doce e confortável de baunilha, âmbar e benjoim.",in stock,new,315.00 BRL,https://kdol380.github.io/duna-site/catalogo.html?produto=maison-alhambra-pink-eclipse,https://kdol380.github.io/duna-site/assets/p-pink-eclipse.webp,Maison Alhambra,Perfumes > Frasco,100 ml · EDP,female,adult,perfume,disponivel
perfume-rasasi-hawas-for-him,Rasasi Hawas for Him (100 ml · EDP),"Ícone aquático masculino, combina cítricos, maçã e canela com ameixa, notas marinhas e madeiras. Fresco, potente e extremamente versátil.",in stock,new,230.00 BRL,https://kdol380.github.io/duna-site/catalogo.html?produto=rasasi-hawas-for-him,https://kdol380.github.io/duna-site/assets/p-hawas-for-him.webp,Rasasi,Perfumes > Frasco,100 ml · EDP,male,adult,perfume,disponivel
skincare-dr-althea-345-relief-cream,Dr. Althea 345 Relief Cream (50 ml),"Hidrata e ajuda a acalmar a pele sensibilizada, além de cuidar da aparência de marcas e do ressecamento.",in stock,new,330.00 BRL,https://kdol380.github.io/duna-site/skincare.html?produto=dr-althea-345-relief-cream,https://kdol380.github.io/duna-site/assets/s-dr-althea-345-relief-cream.jpg,Dr. Althea,Skincare,50 ml,unisex,adult,skincare,disponivel
skincare-medicube-pdrn-pink-peptide-serum,Medicube PDRN Pink Peptide Serum (30 ml),"Sérum hidratante que ajuda no viço, na aparência de firmeza e no tom irregular, deixando a pele com aspecto mais macio e luminoso.",out of stock,new,210.00 BRL,https://kdol380.github.io/duna-site/skincare.html?produto=medicube-pdrn-pink-peptide-serum,https://kdol380.github.io/duna-site/assets/s-medicube-pdrn-pink-serum.jpg,Medicube,Skincare,30 ml,unisex,adult,skincare,esgotado
skincare-celimax-retinal-shot-tightening-booster,Celimax Retinal Shot Tightening Booster (15 ml),"Tratamento com retinal que ajuda a suavizar a aparência de linhas, textura irregular e poros, deixando a pele com aspecto mais firme.",out of stock,new,180.00 BRL,https://kdol380.github.io/duna-site/skincare.html?produto=celimax-retinal-shot-tightening-booster,https://kdol380.github.io/duna-site/assets/s-celimax-retinal-shot.jpg,Celimax,Skincare,15 ml,unisex,adult,skincare,esgotado
skincare-medicube-deep-vita-c-capsule-cream,Medicube Deep Vita C Capsule Cream (55 g),Creme hidratante com vitamina C que ajuda a dar luminosidade e a deixar o tom da pele com aparência mais uniforme.,out of stock,new,230.00 BRL,https://kdol380.github.io/duna-site/skincare.html?produto=medicube-deep-vita-c-capsule-cream,https://kdol380.github.io/duna-site/assets/s-medicube-deep-vita-c.webp,Medicube,Skincare,55 g,unisex,adult,skincare,esgotado
skincare-medicube-zero-pore-pad,Medicube Zero Pore Pad (70 unidades),"Discos que fazem uma esfoliação suave para retirar células mortas e excesso de oleosidade, ajudando na aparência de poros, cravos e textura.",out of stock,new,220.00 BRL,https://kdol380.github.io/duna-site/skincare.html?produto=medicube-zero-pore-pad,https://kdol380.github.io/duna-site/assets/s-medicube-zero-pore-pad.webp,Medicube,Skincare,70 unidades,unisex,adult,skincare,esgotado
skincare-numbuzin-no-9-nad-bio-lifting-essence,Numbuzin No.9 NAD Bio Lifting Essence (50 ml),"Essência voltada para firmeza e elasticidade, ajudando a suavizar a aparência de linhas finas e a deixar a pele mais preenchida.",out of stock,new,220.00 BRL,https://kdol380.github.io/duna-site/skincare.html?produto=numbuzin-no-9-nad-bio-lifting-essence,https://kdol380.github.io/duna-site/assets/s-numbuzin-no9-essence.jpg,Numbuzin,Skincare,50 ml,unisex,adult,skincare,esgotado
